{"cameraMode":{"drawMode":0,"name":"Shaded","section":"Shading Mode"},"sceneLighting":true,"audioPlay":false,"sceneViewState":{"showFog":true,"showMaterialUpdate":false,"showSkybox":true,"showFlares":true,"showImageEffects":true,"showParticleSystems":true},"in2DMode":false,"pivot":{"x":-11.376120567321778,"y":-32.73035430908203,"z":69.92604064941406},"rotation":{"x":0.10300706326961518,"y":-0.4454352855682373,"z":0.05167780816555023,"w":0.8878664970397949},"size":72.3009033203125,"orthographic":true}