{"cameraMode":{"drawMode":0,"name":"Shaded","section":"Shading Mode"},"sceneLighting":false,"audioPlay":false,"sceneViewState":{"showFog":true,"showMaterialUpdate":false,"showSkybox":false,"showFlares":true,"showImageEffects":true,"showParticleSystems":true},"in2DMode":false,"pivot":{"x":-0.06272029876708985,"y":-0.32282400131225588,"z":-7.286214828491211},"rotation":{"x":0.1962210088968277,"y":-0.4739207327365875,"z":0.10921704024076462,"w":0.8514521718025208},"size":7.10642671585083,"orthographic":false}